cut_uji,n_uji,akurasi,f1_macro
Brisket,2220,0.7680180180180181,0.5623125648618614
Clod_Chuck,2220,0.7716216216216216,0.5634885123776838
Fat,2220,0.6202702702702703,0.3864926982828387
Flap_meat,2220,0.6468468468468469,0.29982553418727254
Inside-Outside,2220,0.7081081081081081,0.4742086082015269
Rib_eye,2220,0.6972972972972973,0.4414065403986139
Round,2220,0.7720720720720721,0.4575080305069267
Shin,2220,0.8252252252252252,0.6389031920150354
Skirt_meat,2220,0.6144144144144145,0.3261763404380854
Striploin,2220,0.7743243243243243,0.4681115344832159
Tenderloin,2220,0.795045045045045,0.5633128231654723
Top_Sirloin,2220,0.8135135135135135,0.7436064551437362
